date,type,wmean,wmedian,wiqm,frac,stats
2014-12-18,dir-onions-seen,39673,39673,39673,0.00014300,1
2014-12-19,dir-onions-seen,18667,18667,18667,0.00012500,1
2014-12-20,dir-onions-seen,57287,8000,8000,0.00014900,2
2014-12-21,dir-onions-seen,42553,42553,42553,0.00016500,1
2014-12-22,dir-onions-seen,33860,28494,32615,0.00041400,2
2014-12-23,dir-onions-seen,26341,29936,27631,0.00783600,29
2014-12-24,dir-onions-seen,29297,26511,27465,0.00890900,33
2014-12-25,dir-onions-seen,27399,27572,27463,0.01067000,39
2014-12-26,dir-onions-seen,26622,24212,25893,0.01164700,42
2014-12-27,dir-onions-seen,29669,27858,28215,0.01158100,43
2014-12-28,dir-onions-seen,26095,29218,28650,0.01208200,38
2014-12-29,dir-onions-seen,31428,30733,30198,0.01332000,40
2014-12-30,dir-onions-seen,31065,30493,29898,0.01419800,41
2014-12-31,dir-onions-seen,28304,28736,28363,0.01330700,38
2015-01-01,dir-onions-seen,26843,27407,27389,0.01352500,41
2015-01-02,dir-onions-seen,26011,28083,27203,0.01275200,39
2015-01-03,dir-onions-seen,27704,27590,26981,0.01238100,39
2015-01-04,dir-onions-seen,29448,28736,29277,0.01255300,41
2015-01-05,dir-onions-seen,28861,28222,28033,0.01379100,42
2015-01-06,dir-onions-seen,28271,28277,28498,0.01583300,47
2015-01-07,dir-onions-seen,27377,27468,26758,0.01706000,51
2015-01-08,dir-onions-seen,30194,29240,29192,0.01823900,58
2015-01-09,dir-onions-seen,27506,29528,29289,0.01809100,57
2015-01-10,dir-onions-seen,27264,28689,27711,0.01806200,64
2015-01-11,dir-onions-seen,28192,27193,27713,0.01844400,64
2015-01-12,dir-onions-seen,28610,28148,28431,0.01579800,54
2015-01-13,dir-onions-seen,29069,27862,29114,0.01619300,54
2015-01-14,dir-onions-seen,29008,29544,28369,0.01599500,52
2015-01-15,dir-onions-seen,29385,29263,29308,0.01824200,54
2015-01-16,dir-onions-seen,26736,26123,27289,0.01742900,52
2015-01-17,dir-onions-seen,28415,28098,27340,0.01857200,57
2015-01-18,dir-onions-seen,28765,28788,29044,0.01854100,58
2015-01-19,dir-onions-seen,29080,28427,29207,0.01924600,57
2015-01-20,dir-onions-seen,30848,31834,31495,0.01988100,58
2015-01-21,dir-onions-seen,30856,29570,30378,0.02056900,62
2015-01-22,dir-onions-seen,27002,27027,27684,0.02104800,63
2015-01-23,dir-onions-seen,29165,29338,29399,0.02214100,67
2015-01-24,dir-onions-seen,27686,28191,27871,0.02039600,66
2015-01-25,dir-onions-seen,26051,26768,26494,0.01962600,64
2015-01-26,dir-onions-seen,28127,28261,28154,0.01837900,61
2015-01-27,dir-onions-seen,30020,28109,29593,0.01633300,55
2015-01-28,dir-onions-seen,29362,26820,28622,0.00630100,19
2015-01-29,dir-onions-seen,28822,29762,28847,0.00580600,19
2015-01-30,dir-onions-seen,26511,27500,26894,0.00443900,13
2015-01-31,dir-onions-seen,27667,27436,27848,0.00360100,11
2015-02-01,dir-onions-seen,26594,24471,26370,0.00502700,15
2015-02-02,dir-onions-seen,27466,28439,27950,0.00797400,25
2015-02-03,dir-onions-seen,28256,28567,28030,0.01513600,51
2015-02-04,dir-onions-seen,26815,28856,28204,0.01580000,53
2015-02-05,dir-onions-seen,28149,28736,28082,0.01566800,55
2015-02-06,dir-onions-seen,29091,29716,29696,0.01596900,54
2015-02-07,dir-onions-seen,28959,28431,28442,0.01650000,55
2015-02-08,dir-onions-seen,24877,25833,25532,0.01699000,56
2015-02-09,dir-onions-seen,28357,26607,27347,0.01650300,54
2015-02-10,dir-onions-seen,30266,29716,29797,0.01722600,58
2015-02-11,dir-onions-seen,29381,28807,29140,0.01716700,59
2015-02-12,dir-onions-seen,30053,29148,29388,0.01825900,60
2015-02-13,dir-onions-seen,28114,27653,28448,0.02022200,64
2015-02-14,dir-onions-seen,29079,28063,28110,0.01849300,60
2015-02-15,dir-onions-seen,26153,25287,25939,0.01932500,62
2015-02-16,dir-onions-seen,30186,29009,28373,0.01819700,58
2015-02-17,dir-onions-seen,27234,26392,26654,0.01681800,52
2015-02-18,dir-onions-seen,28990,28981,29268,0.01941100,58
2015-02-19,dir-onions-seen,28591,30065,29423,0.01938800,59
2015-02-20,dir-onions-seen,27781,28772,28627,0.01888400,62
2015-02-21,dir-onions-seen,28522,29083,29092,0.01686500,57
2015-02-22,dir-onions-seen,25952,25535,24964,0.01598000,56
2015-02-23,dir-onions-seen,32138,31746,31284,0.01626300,56
2015-02-24,dir-onions-seen,29800,29576,29833,0.01658000,56
2015-02-25,dir-onions-seen,31087,30297,30566,0.01571100,55
2015-02-26,dir-onions-seen,31898,31895,31362,0.01637600,49
2015-02-27,dir-onions-seen,31921,30797,30528,0.01675000,52
2015-02-28,dir-onions-seen,29236,30128,29795,0.01523200,46
2015-03-01,dir-onions-seen,27401,27572,27656,0.01585200,49
2015-03-02,dir-onions-seen,31717,30271,30348,0.01691600,50
2015-03-03,dir-onions-seen,28223,30427,28980,0.01784600,53
2015-03-04,dir-onions-seen,28597,28875,28917,0.01875300,57
2015-03-05,dir-onions-seen,31064,31111,31464,0.01884500,58
2015-03-06,dir-onions-seen,30372,27596,28061,0.01918400,58
2015-03-07,dir-onions-seen,29996,28437,29136,0.01915400,57
2015-03-08,dir-onions-seen,27251,27919,27364,0.02021100,56
2015-03-09,dir-onions-seen,26126,27113,27036,0.01945700,55
2015-03-10,dir-onions-seen,31243,29519,29312,0.02111300,60
2015-03-11,dir-onions-seen,28994,27717,28009,0.01692300,49
2015-03-12,dir-onions-seen,30110,29018,29467,0.01666100,45
2015-03-13,dir-onions-seen,27731,27947,28370,0.01604700,43
2015-03-14,dir-onions-seen,28201,28181,27762,0.01682500,45
2015-03-15,dir-onions-seen,27564,29869,28182,0.02030300,55
2015-03-16,dir-onions-seen,28215,28095,28240,0.02074600,60
2015-03-17,dir-onions-seen,28136,29018,28760,0.01974000,58
2015-03-18,dir-onions-seen,30682,29456,29886,0.02042700,60
2015-03-19,dir-onions-seen,28699,30069,29515,0.01742300,52
2015-03-20,dir-onions-seen,31140,31787,32142,0.01751100,52
2015-03-21,dir-onions-seen,31264,29900,30555,0.01943600,51
2015-03-22,dir-onions-seen,29224,29529,28779,0.02128400,52
2015-03-23,dir-onions-seen,28929,29519,29392,0.01966500,49
2015-03-24,dir-onions-seen,29282,29141,28992,0.02464000,60
2015-03-25,dir-onions-seen,28108,27747,27746,0.01942700,52
2015-03-26,dir-onions-seen,28829,30656,29781,0.01989700,51
2015-03-27,dir-onions-seen,31344,30135,30270,0.01860000,49
2015-03-28,dir-onions-seen,30928,31273,31386,0.01643300,55
2015-03-29,dir-onions-seen,30891,30496,30629,0.01968400,68
2015-03-30,dir-onions-seen,28941,32335,30886,0.01929200,69
2015-03-31,dir-onions-seen,33434,33535,33695,0.01756800,66
2015-04-01,dir-onions-seen,34127,32622,32800,0.01771100,63
2015-04-02,dir-onions-seen,33254,31293,32033,0.01776600,64
2015-04-03,dir-onions-seen,31045,28874,29980,0.01721400,61
2015-04-04,dir-onions-seen,31659,31550,31118,0.01674100,62
2015-04-05,dir-onions-seen,28949,28090,28371,0.01776200,68
2015-04-06,dir-onions-seen,31795,30303,30377,0.01639800,64
2015-04-07,dir-onions-seen,29744,33890,31943,0.01608000,59
2015-04-08,dir-onions-seen,31128,31131,30800,0.01965000,61
2015-04-09,dir-onions-seen,31577,32362,31472,0.02088000,60
2015-04-10,dir-onions-seen,30023,29921,29501,0.01784500,51
2015-04-11,dir-onions-seen,32755,31208,31502,0.01887000,58
2015-04-12,dir-onions-seen,29304,29177,29316,0.01990700,66
2015-04-13,dir-onions-seen,30439,30016,29989,0.02086400,71
2015-04-14,dir-onions-seen,27949,30544,30652,0.01945300,75
2015-04-15,dir-onions-seen,25715,27559,26606,0.01773400,78
2015-04-16,dir-onions-seen,25220,26860,25472,0.01393100,66
2015-04-17,dir-onions-seen,22961,24087,23327,0.01406200,70
2015-04-18,dir-onions-seen,25466,25508,26159,0.01346900,67
2015-04-19,dir-onions-seen,20778,24320,24465,0.01388900,68
2015-04-20,dir-onions-seen,24018,25070,25413,0.01505800,71
2015-04-21,dir-onions-seen,25960,26634,26973,0.01463500,70
2015-04-22,dir-onions-seen,23065,26856,26074,0.00894200,43
2015-04-23,dir-onions-seen,26453,28691,27515,0.01221200,57
2015-04-24,dir-onions-seen,26474,26256,26554,0.01111700,53
2015-04-25,dir-onions-seen,27062,31401,30662,0.00641700,31
2015-04-26,dir-onions-seen,28763,30315,30559,0.00706000,33
2015-04-27,dir-onions-seen,29272,29478,29292,0.00795000,34
2015-04-28,dir-onions-seen,20065,23244,24200,0.00927300,40
2015-04-29,dir-onions-seen,24079,26538,25247,0.00901200,37
2015-04-30,dir-onions-seen,22925,25833,23785,0.01112200,41
2015-05-01,dir-onions-seen,25713,28125,27499,0.01516900,56
2015-05-02,dir-onions-seen,25463,29040,27723,0.01401700,55
2015-05-03,dir-onions-seen,24857,26570,27434,0.01377400,55
2015-05-04,dir-onions-seen,27408,28624,27577,0.01489700,59
2015-05-05,dir-onions-seen,27159,29040,27967,0.01529200,66
2015-05-06,dir-onions-seen,24376,26063,24790,0.01007900,47
2015-05-07,dir-onions-seen,25133,27768,27418,0.00992900,47
2015-05-08,dir-onions-seen,26294,28180,28392,0.00972300,43
2015-05-09,dir-onions-seen,23379,24590,24606,0.00901300,42
2015-05-10,dir-onions-seen,22948,23207,23604,0.01247500,59
2015-05-11,dir-onions-seen,20272,25449,23393,0.01406000,65
2015-05-12,dir-onions-seen,22985,26087,25119,0.01414500,65
2015-05-13,dir-onions-seen,25938,24486,24672,0.01248000,59
2015-05-14,dir-onions-seen,24958,26293,26394,0.01120800,51
2015-05-15,dir-onions-seen,26151,27285,27764,0.01100000,49
2015-05-16,dir-onions-seen,25836,27981,27800,0.01055300,48
2015-05-17,dir-onions-seen,22687,22684,23149,0.00958000,44
2015-05-18,dir-onions-seen,26517,27132,27655,0.01104800,47
2015-05-19,dir-onions-seen,28465,28215,28108,0.01160400,51
2015-05-20,dir-onions-seen,31025,29098,30420,0.01347300,62
2015-05-21,dir-onions-seen,24767,28386,27080,0.01343700,62
2015-05-22,dir-onions-seen,25070,28311,26619,0.01284300,58
2015-05-23,dir-onions-seen,26136,26256,26449,0.01349500,62
2015-05-24,dir-onions-seen,24389,25830,25362,0.01324400,63
2015-05-25,dir-onions-seen,27238,27098,27569,0.01519300,65
2015-05-26,dir-onions-seen,32666,32398,32292,0.01946100,59
2015-05-27,dir-onions-seen,30012,29532,29520,0.02113400,59
2015-05-28,dir-onions-seen,31848,31774,31210,0.02404200,63
2015-05-29,dir-onions-seen,29361,29464,29134,0.02402200,60
2015-05-30,dir-onions-seen,31896,30303,29984,0.01601100,42
2015-05-31,dir-onions-seen,30617,28829,29389,0.00263500,6
2015-06-01,dir-onions-seen,28258,26515,27266,0.01692800,45
2015-06-02,dir-onions-seen,27943,26927,26724,0.02010100,49
2015-06-03,dir-onions-seen,28400,28430,28257,0.02151300,51
2015-06-04,dir-onions-seen,26953,26703,26949,0.02206200,52
2015-06-05,dir-onions-seen,26339,27778,27119,0.02093200,52
2015-06-06,dir-onions-seen,28584,28441,28207,0.02283000,60
2015-06-07,dir-onions-seen,28207,28060,27954,0.02125800,55
2015-06-08,dir-onions-seen,28535,29213,28719,0.02087500,55
2015-06-09,dir-onions-seen,29014,28825,29654,0.01995500,53
2015-06-10,dir-onions-seen,29178,27678,28129,0.01992000,50
2015-06-11,dir-onions-seen,27449,28441,28533,0.01964800,48
2015-06-12,dir-onions-seen,29289,28403,29380,0.01115500,26
2015-06-13,dir-onions-seen,25711,26159,26131,0.01173300,27
2015-06-14,dir-onions-seen,27908,27226,27308,0.01239600,30
2015-06-15,dir-onions-seen,28734,27547,27666,0.01220300,30
2015-06-16,dir-onions-seen,28921,28951,28445,0.01783200,41
2015-06-17,dir-onions-seen,28816,28526,28979,0.02278800,51
2015-06-18,dir-onions-seen,28386,28186,27761,0.02334400,50
2015-06-19,dir-onions-seen,29691,27920,28140,0.02077000,50
2015-06-20,dir-onions-seen,28266,28476,28497,0.01806900,46
2015-06-21,dir-onions-seen,25005,25550,25726,0.01873000,49
2015-06-22,dir-onions-seen,29637,29115,29443,0.01804100,50
2015-06-23,dir-onions-seen,29875,29313,29378,0.01736200,52
2015-06-24,dir-onions-seen,26339,27334,26913,0.01274400,37
2015-06-25,dir-onions-seen,27691,26171,27062,0.01304700,36
2015-06-26,dir-onions-seen,27706,26063,26518,0.01257000,35
2015-06-27,dir-onions-seen,22808,25930,24806,0.01276000,43
2015-06-28,dir-onions-seen,25840,25238,26030,0.01738900,50
2015-06-29,dir-onions-seen,28195,26042,26304,0.01774500,56
2015-06-30,dir-onions-seen,27512,27049,26987,0.01493900,43
2015-07-01,dir-onions-seen,30511,27214,28464,0.01533600,46
2015-07-02,dir-onions-seen,26952,25671,26741,0.01573400,46
2015-07-03,dir-onions-seen,30746,30000,30463,0.01612300,47
2015-07-04,dir-onions-seen,29266,30308,29745,0.01275600,40
2015-07-05,dir-onions-seen,30649,29048,28264,0.01336600,45
2015-07-06,dir-onions-seen,29411,29983,29443,0.01363500,37
2015-07-07,dir-onions-seen,25494,25036,25592,0.01208100,36
2015-07-08,dir-onions-seen,30755,32315,31335,0.01113100,31
2015-07-09,dir-onions-seen,30607,29083,29019,0.02050800,53
2015-07-10,dir-onions-seen,28791,29037,29038,0.02397900,63
2015-07-11,dir-onions-seen,31652,29515,30030,0.02084700,61
2015-07-12,dir-onions-seen,26479,27908,27691,0.01756100,49
2015-07-13,dir-onions-seen,30589,30455,30257,0.01754300,50
2015-07-14,dir-onions-seen,32529,32364,32100,0.01506900,40
2015-07-15,dir-onions-seen,29466,29046,29517,0.01604500,38
2015-07-16,dir-onions-seen,29044,29032,29070,0.02020000,44
2015-07-17,dir-onions-seen,26616,26097,26127,0.01990100,45
2015-07-18,dir-onions-seen,27211,27498,27316,0.01754200,42
2015-07-19,dir-onions-seen,27987,27359,27641,0.01687900,47
2015-07-20,dir-onions-seen,27082,27778,28132,0.01526300,44
2015-07-21,dir-onions-seen,28159,28125,27871,0.01487900,47
2015-07-22,dir-onions-seen,29246,31415,30038,0.01336000,42
2015-07-23,dir-onions-seen,27608,28784,28334,0.01760500,52
2015-07-24,dir-onions-seen,28870,28485,27725,0.01829100,54
2015-07-25,dir-onions-seen,28844,29570,29225,0.01888200,50
2015-07-26,dir-onions-seen,28265,28063,28685,0.01911800,51
2015-07-27,dir-onions-seen,28356,27543,27761,0.01481200,44
2015-07-28,dir-onions-seen,28946,27969,28398,0.01408500,43
2015-07-29,dir-onions-seen,28642,29928,29740,0.01233700,38
2015-07-30,dir-onions-seen,30365,28807,29019,0.01260300,38
2015-07-31,dir-onions-seen,29275,30801,29523,0.01267300,37
2015-08-01,dir-onions-seen,27975,25997,26067,0.01699000,47
2015-08-02,dir-onions-seen,27536,27162,27928,0.02054300,55
2015-08-03,dir-onions-seen,28309,27393,27880,0.02287700,61
2015-08-04,dir-onions-seen,25668,27778,27284,0.02154500,59
2015-08-05,dir-onions-seen,29275,28228,28493,0.01570200,47
2015-08-06,dir-onions-seen,29258,28784,28683,0.01595000,48
2015-08-07,dir-onions-seen,30286,30114,30106,0.01500100,47
2015-08-08,dir-onions-seen,31027,28465,29330,0.01569600,49
2015-08-09,dir-onions-seen,28908,29110,28516,0.01506800,47
2015-08-10,dir-onions-seen,29667,28251,28165,0.01614500,47
2015-08-11,dir-onions-seen,28420,27426,27476,0.01569400,44
2015-08-12,dir-onions-seen,30806,28840,29263,0.01455300,41
2015-08-13,dir-onions-seen,28102,29254,28752,0.01427000,41
2015-08-14,dir-onions-seen,30713,29083,29381,0.01439200,40
2015-08-15,dir-onions-seen,27846,26890,27237,0.01531200,43
2015-08-16,dir-onions-seen,28574,28037,27324,0.01539800,44
2015-08-17,dir-onions-seen,30314,30025,30118,0.01509800,43
2015-08-18,dir-onions-seen,32194,30992,30595,0.01624400,45
2015-08-19,dir-onions-seen,26747,27402,27476,0.01684800,44
2015-08-20,dir-onions-seen,29227,28796,28593,0.01621000,46
2015-08-21,dir-onions-seen,29016,28210,28441,0.01657700,43
2015-08-22,dir-onions-seen,27579,27917,28376,0.01635300,45
2015-08-23,dir-onions-seen,27798,26786,26564,0.01587700,46
2015-08-24,dir-onions-seen,29309,30000,29260,0.01558200,44
2015-08-25,dir-onions-seen,28986,30603,30036,0.01771100,48
2015-08-26,dir-onions-seen,29801,31289,30821,0.01695800,46
2015-08-27,dir-onions-seen,30016,27810,28853,0.01709400,47
2015-08-28,dir-onions-seen,28571,28799,29671,0.01478000,43
2015-08-29,dir-onions-seen,29454,30009,29974,0.01454300,41
2015-08-30,dir-onions-seen,31482,30641,30482,0.01560000,45
2015-08-31,dir-onions-seen,30581,28609,30356,0.01478200,46
2015-09-01,dir-onions-seen,30088,30000,29920,0.01429100,42
2015-09-02,dir-onions-seen,31261,31270,30792,0.01623000,46
2015-09-03,dir-onions-seen,30169,30628,30825,0.01566400,44
2015-09-04,dir-onions-seen,30778,31973,31560,0.01507600,44
2015-09-05,dir-onions-seen,31212,30871,30096,0.01463100,46
2015-09-06,dir-onions-seen,31503,30258,30601,0.01375300,46
2015-09-07,dir-onions-seen,27691,27968,27822,0.01422700,46
2015-09-08,dir-onions-seen,31883,28186,28787,0.01505000,52
2015-09-09,dir-onions-seen,29422,29159,29457,0.01573600,49
2015-09-10,dir-onions-seen,29309,29705,29633,0.01643500,49
2015-09-11,dir-onions-seen,29783,32242,31212,0.01646400,49
2015-09-12,dir-onions-seen,29644,29279,29512,0.01729400,54
2015-09-13,dir-onions-seen,32597,30688,30542,0.01641500,49
2015-09-14,dir-onions-seen,32638,32343,32133,0.01528400,49
2015-09-15,dir-onions-seen,29318,30303,30993,0.01430300,44
2015-09-16,dir-onions-seen,29487,30892,31462,0.01388300,44
2015-09-17,dir-onions-seen,32058,31432,31577,0.01567000,47
2015-09-18,dir-onions-seen,31161,29705,30230,0.01785100,54
2015-09-19,dir-onions-seen,32538,32242,32384,0.01783400,53
2015-09-20,dir-onions-seen,29557,30710,30288,0.01807800,51
2015-09-21,dir-onions-seen,31923,32560,32459,0.01676100,49
2015-09-22,dir-onions-seen,30234,28925,28880,0.01615500,51
2015-09-23,dir-onions-seen,31456,30538,30880,0.01605400,49
2015-09-24,dir-onions-seen,29391,28287,29427,0.01661300,53
2015-09-25,dir-onions-seen,33038,32694,32990,0.01726400,55
2015-09-26,dir-onions-seen,31254,30291,30939,0.01638500,56
2015-09-27,dir-onions-seen,28776,29536,29314,0.01628100,55
2015-09-28,dir-onions-seen,31383,29036,29612,0.01598700,53
2015-09-29,dir-onions-seen,34564,32778,33273,0.01508300,52
2015-09-30,dir-onions-seen,31796,29863,30110,0.01558000,58
2015-10-01,dir-onions-seen,31662,29863,30435,0.01802600,62
2015-10-02,dir-onions-seen,30716,31123,31382,0.02184900,77
2015-10-03,dir-onions-seen,30756,30021,30093,0.03042100,93
2015-10-04,dir-onions-seen,31666,29446,30416,0.03426600,99
2015-10-05,dir-onions-seen,30929,30612,30683,0.03675000,106
2015-10-06,dir-onions-seen,32120,32078,32022,0.04380300,119
2015-10-07,dir-onions-seen,31571,30695,30892,0.04612400,120
2015-10-08,dir-onions-seen,32999,32095,31896,0.03865400,109
2015-10-09,dir-onions-seen,31462,31772,31577,0.03694600,106
2015-10-10,dir-onions-seen,29690,31023,30298,0.03756800,112
2015-10-11,dir-onions-seen,30471,29928,30472,0.03622700,115
2015-10-12,dir-onions-seen,31397,30899,30808,0.03964100,124
2015-10-13,dir-onions-seen,31851,31633,31520,0.04054200,127
2015-10-14,dir-onions-seen,30810,30765,31394,0.03905500,118
2015-10-15,dir-onions-seen,31444,32690,32163,0.03903100,114
2015-10-16,dir-onions-seen,32723,31466,31922,0.03841900,115
2015-10-17,dir-onions-seen,29907,29787,30179,0.03885200,118
2015-10-18,dir-onions-seen,29991,29284,29673,0.03796600,120
2015-10-19,dir-onions-seen,31757,30717,31467,0.03900700,124
2015-10-20,dir-onions-seen,33111,31915,32348,0.03925700,127
2015-10-21,dir-onions-seen,31241,31324,31337,0.03868500,116
2015-10-22,dir-onions-seen,30460,31158,30692,0.03975400,122
2015-10-23,dir-onions-seen,30137,30637,30240,0.03859300,115
2015-10-24,dir-onions-seen,30866,31090,30797,0.03512100,106
2015-10-25,dir-onions-seen,29522,30280,30242,0.03333400,102
2015-10-26,dir-onions-seen,31285,29801,30315,0.03481200,111
2015-10-27,dir-onions-seen,31906,31690,31667,0.03349200,108
2015-10-28,dir-onions-seen,32332,30380,30418,0.03012600,101
2015-10-29,dir-onions-seen,31093,30466,30884,0.03059800,96
2015-10-30,dir-onions-seen,28165,27669,27912,0.03230400,105
2015-10-31,dir-onions-seen,26853,27038,26765,0.03427300,113
2015-11-01,dir-onions-seen,26327,26357,26870,0.04165300,134
2015-11-02,dir-onions-seen,27746,27759,27855,0.03791400,132
2015-11-03,dir-onions-seen,28961,29213,29418,0.03993200,134
2015-11-04,dir-onions-seen,29441,29328,29137,0.04336300,132
2015-11-05,dir-onions-seen,27598,28192,28635,0.04445000,124
2015-11-06,dir-onions-seen,27858,27897,27579,0.04423100,123
2015-11-07,dir-onions-seen,27381,27601,27319,0.04293700,123
2015-11-08,dir-onions-seen,28634,28674,28733,0.04261600,125
2015-11-09,dir-onions-seen,28907,27927,28046,0.04214200,136
2015-11-10,dir-onions-seen,29304,28822,29082,0.04299600,140
2015-11-11,dir-onions-seen,27037,27344,27627,0.04282200,145
2015-11-12,dir-onions-seen,28106,28192,27953,0.04369000,140
2015-11-13,dir-onions-seen,30656,29374,29870,0.04420600,140
2015-11-14,dir-onions-seen,29906,28462,29110,0.04465300,140
2015-11-15,dir-onions-seen,28281,27265,27959,0.04753200,151
2015-11-16,dir-onions-seen,28002,27363,27875,0.04874200,153
2015-11-17,dir-onions-seen,29992,28871,29179,0.04995900,159
2015-11-18,dir-onions-seen,29668,28717,28777,0.04950300,162
2015-11-19,dir-onions-seen,31215,30739,30318,0.04754800,163
2015-11-20,dir-onions-seen,27265,27302,27452,0.04837800,161
2015-11-21,dir-onions-seen,28846,29382,29185,0.05187300,165
2015-11-22,dir-onions-seen,28571,28825,28760,0.05032000,159
2015-11-23,dir-onions-seen,30541,29695,29868,0.04772900,151
2015-11-24,dir-onions-seen,31349,28662,28751,0.04059300,152
2015-11-25,dir-onions-seen,30713,29036,29222,0.04025400,118
2015-11-26,dir-onions-seen,32998,32258,32616,0.04101600,110
2015-11-27,dir-onions-seen,33671,32595,32670,0.06037800,182
2015-11-28,dir-onions-seen,31220,30587,30704,0.14444400,420
2015-11-29,dir-onions-seen,31745,31002,31322,0.16723400,514
2015-11-30,dir-onions-seen,30808,30790,31029,0.18617100,566
2015-12-01,dir-onions-seen,30424,30352,30289,0.19582000,598
2015-12-02,dir-onions-seen,32345,32163,32246,0.21195600,661
2015-12-03,dir-onions-seen,32111,32152,32002,0.22157400,679
2015-12-04,dir-onions-seen,32630,32858,32515,0.22668300,693
2015-12-05,dir-onions-seen,39189,38844,38908,0.22447500,668
2015-12-06,dir-onions-seen,35619,34843,35003,0.22763200,707
2015-12-07,dir-onions-seen,34713,34091,34048,0.22652500,711
2015-12-08,dir-onions-seen,35078,34695,34480,0.23013700,728
2015-12-09,dir-onions-seen,34301,33457,33686,0.23997900,756
2015-12-10,dir-onions-seen,33056,32808,32669,0.24719900,768
2015-12-11,dir-onions-seen,32234,31792,31833,0.25088100,774
2015-12-12,dir-onions-seen,31762,31088,31253,0.22854600,679
2015-12-13,dir-onions-seen,33912,32139,32219,0.22134200,650
2015-12-14,dir-onions-seen,33665,33213,33298,0.20213200,552
2015-12-15,dir-onions-seen,33726,33213,33117,0.19646900,519
2015-12-16,dir-onions-seen,35536,34591,34875,0.21500100,614
2015-12-17,dir-onions-seen,33715,33106,33362,0.25013300,747
2015-12-18,dir-onions-seen,34049,33333,33398,0.25594100,760
2015-12-19,dir-onions-seen,34572,33619,33864,0.27576800,829
2015-12-20,dir-onions-seen,34652,34014,34176,0.28058600,867
2015-12-21,dir-onions-seen,35703,35115,35181,0.28797100,878
2015-12-22,dir-onions-seen,34712,34483,34640,0.29717300,923
2015-12-23,dir-onions-seen,35110,34608,34693,0.30189500,965
2015-12-24,dir-onions-seen,35104,34749,34934,0.31523600,1037
2015-12-25,dir-onions-seen,35645,35240,35212,0.32131000,1068
2015-12-26,dir-onions-seen,35591,34921,35028,0.32571400,1080
2015-12-27,dir-onions-seen,35122,34431,34467,0.32944600,1069
2015-12-28,dir-onions-seen,36197,35435,35577,0.33907100,1089
2015-12-29,dir-onions-seen,35373,34884,35050,0.34216900,1077
2015-12-30,dir-onions-seen,35180,34432,34580,0.34721100,1102
2015-12-31,dir-onions-seen,36133,35668,35747,0.35318900,1145
2016-01-01,dir-onions-seen,34572,33779,34073,0.35546300,1165
2016-01-02,dir-onions-seen,36943,36933,36952,0.36449600,1179
2016-01-03,dir-onions-seen,36481,36842,36671,0.37497400,1209
2016-01-04,dir-onions-seen,37778,37239,37547,0.36772600,1209
2016-01-05,dir-onions-seen,37254,37140,37204,0.36595300,1202
2016-01-06,dir-onions-seen,39648,39269,39208,0.36676600,1196
2016-01-07,dir-onions-seen,39084,38432,38527,0.35452800,1155
2016-01-08,dir-onions-seen,37778,37124,37312,0.35563000,1143
2016-01-09,dir-onions-seen,37278,36873,36894,0.35893300,1154
2016-01-10,dir-onions-seen,36018,35831,35933,0.36609600,1173
2016-01-11,dir-onions-seen,36116,36187,36120,0.36966400,1205
2016-01-12,dir-onions-seen,37306,36920,37113,0.37325000,1219
2016-01-13,dir-onions-seen,36621,36192,36230,0.38164200,1254
2016-01-14,dir-onions-seen,35927,36210,36042,0.37959400,1245
2016-01-15,dir-onions-seen,36099,35800,35677,0.38002300,1239
2016-01-16,dir-onions-seen,36134,35610,35739,0.38610600,1262
2016-01-17,dir-onions-seen,37438,36521,36652,0.39157100,1262
2016-01-18,dir-onions-seen,35284,35294,35162,0.39089400,1274
2016-01-19,dir-onions-seen,35425,35398,35302,0.40377800,1307
2016-01-20,dir-onions-seen,35838,35172,35267,0.39552400,1288
2016-01-21,dir-onions-seen,35194,35021,35246,0.40225800,1265
2016-01-22,dir-onions-seen,36564,36351,36498,0.40456300,1246
2016-01-23,dir-onions-seen,36539,36013,36096,0.40670100,1258
2016-01-24,dir-onions-seen,35390,35441,35354,0.39651500,1260
2016-01-25,dir-onions-seen,35521,35308,35236,0.41541400,1337
2016-01-26,dir-onions-seen,35940,35687,35718,0.42186400,1360
2016-01-27,dir-onions-seen,38651,38073,38036,0.42675700,1372
2016-01-28,dir-onions-seen,36876,36457,36524,0.42392600,1355
2016-01-29,dir-onions-seen,38644,38402,38559,0.43147700,1408
2016-01-30,dir-onions-seen,38540,38130,38331,0.42917300,1419
2016-01-31,dir-onions-seen,37631,37152,37209,0.43900000,1454
2016-02-01,dir-onions-seen,37393,36970,37045,0.44380600,1464
2016-02-02,dir-onions-seen,38503,38334,38377,0.44428800,1448
2016-02-03,dir-onions-seen,39568,39164,39254,0.44992500,1470
2016-02-04,dir-onions-seen,37498,37620,37494,0.44942900,1477
2016-02-05,dir-onions-seen,38451,38114,38100,0.45861900,1498
2016-02-06,dir-onions-seen,37285,37125,37252,0.45395400,1488
2016-02-07,dir-onions-seen,37986,37534,37591,0.45117700,1502
2016-02-08,dir-onions-seen,36377,36379,36416,0.46161700,1545
2016-02-09,dir-onions-seen,36526,36320,36273,0.45461500,1559
2016-02-10,dir-onions-seen,36702,36667,36669,0.45782100,1580
2016-02-11,dir-onions-seen,37915,37879,37960,0.45973900,1570
2016-02-12,dir-onions-seen,40313,39403,39657,0.46925000,1584
2016-02-13,dir-onions-seen,40912,40323,40407,0.46573700,1535
2016-02-14,dir-onions-seen,40968,40541,40707,0.46323200,1520
2016-02-15,dir-onions-seen,43895,42786,43127,0.46299000,1518
2016-02-16,dir-onions-seen,62052,61806,61996,0.46575100,1533
2016-02-17,dir-onions-seen,65753,64726,64682,0.44865500,1472
2016-02-18,dir-onions-seen,60995,60449,60381,0.44374600,1386
2016-02-19,dir-onions-seen,57245,56818,56846,0.44890800,1335
2016-02-20,dir-onions-seen,56888,56291,56460,0.44694700,1306
2016-02-21,dir-onions-seen,54749,53975,54020,0.46131100,1369
2016-02-22,dir-onions-seen,53125,51190,51314,0.48472300,1536
2016-02-23,dir-onions-seen,62454,62440,62538,0.47729500,1579
2016-02-24,dir-onions-seen,66629,66506,66547,0.48593100,1599
2016-02-25,dir-onions-seen,79646,80357,80171,0.48784500,1603
2016-02-26,dir-onions-seen,94082,94059,94134,0.48560800,1593
2016-02-27,dir-onions-seen,106643,106494,106620,0.48652300,1601
2016-02-28,dir-onions-seen,102898,102930,103159,0.48888300,1626
2016-02-29,dir-onions-seen,104572,104191,104431,0.49604900,1670
2016-03-01,dir-onions-seen,114263,114358,114418,0.48677500,1658
2016-03-02,dir-onions-seen,76912,74830,75136,0.48023800,1574
2016-03-03,dir-onions-seen,72983,72491,72601,0.47701000,1539
2016-03-04,dir-onions-seen,72358,72165,72224,0.47642700,1534
2016-03-05,dir-onions-seen,67256,67288,67262,0.46837000,1489
2016-03-06,dir-onions-seen,68978,68401,68516,0.47621000,1551
2016-03-07,dir-onions-seen,68076,67751,67783,0.47639900,1564
2016-03-08,dir-onions-seen,68240,68079,68118,0.48920500,1615
2016-03-09,dir-onions-seen,72450,72027,72064,0.50298500,1664
2016-03-10,dir-onions-seen,79693,79396,79612,0.51064700,1697
2016-03-11,dir-onions-seen,72436,71920,71787,0.51086200,1711
2016-03-12,dir-onions-seen,68198,67529,67521,0.50977900,1706
2016-03-13,dir-onions-seen,63168,62706,62777,0.51207300,1720
2016-03-14,dir-onions-seen,63237,62785,62913,0.50491100,1728
2016-03-15,dir-onions-seen,61942,61383,61554,0.51254100,1718
2016-03-16,dir-onions-seen,61409,61138,61212,0.51320500,1686
2016-03-17,dir-onions-seen,62233,62115,62085,0.51648600,1669
2016-03-18,dir-onions-seen,61774,60744,60931,0.47515600,1561
2016-03-19,dir-onions-seen,59376,59333,59419,0.51213700,1720
2016-03-20,dir-onions-seen,59680,59545,59525,0.51822700,1764
2016-03-21,dir-onions-seen,61934,61869,61794,0.52117300,1797
2016-03-22,dir-onions-seen,61681,60787,60910,0.52271100,1813
2016-03-23,dir-onions-seen,60027,59846,59790,0.52041200,1809
2016-03-24,dir-onions-seen,60318,59829,60069,0.50947700,1748
2016-03-25,dir-onions-seen,60112,60261,60309,0.52441400,1765
2016-03-26,dir-onions-seen,59879,59615,59731,0.52350400,1770
2016-03-27,dir-onions-seen,60243,59578,59774,0.52173200,1777
2016-03-28,dir-onions-seen,61653,61080,61229,0.51676300,1764
2016-03-29,dir-onions-seen,59247,58824,58853,0.53249600,1806
2016-03-30,dir-onions-seen,59446,59322,59320,0.52801600,1805
2016-03-31,dir-onions-seen,59709,59675,59670,0.50127300,1686
2016-04-01,dir-onions-seen,59499,59140,59273,0.53486500,1791
2016-04-02,dir-onions-seen,61205,59970,60151,0.53647900,1804
2016-04-03,dir-onions-seen,57904,57319,57344,0.53307200,1795
2016-04-04,dir-onions-seen,56662,56349,56271,0.52845000,1761
2016-04-05,dir-onions-seen,55891,54969,55123,0.51912600,1731
2016-04-06,dir-onions-seen,55222,55162,55156,0.52718300,1724
2016-04-07,dir-onions-seen,58235,57475,57535,0.52234000,1724
2016-04-08,dir-onions-seen,56716,56626,56483,0.52528000,1758
2016-04-09,dir-onions-seen,56109,55961,55921,0.53771400,1793
2016-04-10,dir-onions-seen,57133,56938,56932,0.53076200,1807
2016-04-11,dir-onions-seen,56272,56166,56195,0.53946900,1851
2016-04-12,dir-onions-seen,55601,55288,55355,0.53752700,1834
2016-04-13,dir-onions-seen,57409,56921,57022,0.53619800,1820
2016-04-14,dir-onions-seen,57635,57155,57269,0.53906400,1818
2016-04-15,dir-onions-seen,54963,54714,54704,0.53639200,1825
2016-04-16,dir-onions-seen,54036,53678,53638,0.52773900,1829
2016-04-17,dir-onions-seen,55201,54527,54559,0.53313800,1867
2016-04-18,dir-onions-seen,56058,55762,55777,0.52909400,1869
2016-04-19,dir-onions-seen,55936,55357,55620,0.53281800,1887
2016-04-20,dir-onions-seen,56016,55738,55835,0.54019100,1917
2016-04-21,dir-onions-seen,55140,54917,54918,0.54340500,1904
2016-04-22,dir-onions-seen,56173,55764,56053,0.53623900,1876
2016-04-23,dir-onions-seen,55130,54583,54832,0.53312800,1849
2016-04-24,dir-onions-seen,53952,54328,54081,0.53494400,1851
2016-04-25,dir-onions-seen,56580,56153,56299,0.53124600,1832
2016-04-26,dir-onions-seen,55146,55008,55051,0.53701800,1818
2016-04-27,dir-onions-seen,56608,55805,55985,0.53820200,1817
2016-04-28,dir-onions-seen,56440,56000,55877,0.53494900,1818
2016-04-29,dir-onions-seen,55276,55238,55249,0.53853500,1819
2016-04-30,dir-onions-seen,54392,54081,54314,0.52844700,1781
2016-05-01,dir-onions-seen,53307,52814,52934,0.53668000,1835
2016-05-02,dir-onions-seen,55781,55497,55473,0.53501900,1829
2016-05-03,dir-onions-seen,56062,55646,55831,0.53361600,1814
2016-05-04,dir-onions-seen,56330,55854,55876,0.52979200,1749
2016-05-05,dir-onions-seen,55742,55404,55615,0.53535900,1710
2016-05-06,dir-onions-seen,53653,54069,53934,0.53425900,1706
2016-05-07,dir-onions-seen,55600,54977,55040,0.53655300,1700
2016-05-08,dir-onions-seen,54963,54136,54201,0.53519800,1721
2016-05-09,dir-onions-seen,55015,54487,54653,0.53590200,1776
2016-05-10,dir-onions-seen,55530,55031,55171,0.53404900,1805
2016-05-11,dir-onions-seen,54945,54510,54655,0.53946100,1813
2016-05-12,dir-onions-seen,55557,55556,55423,0.54798200,1789
2016-05-13,dir-onions-seen,56644,56241,56306,0.53581200,1754
2016-05-14,dir-onions-seen,56696,56061,56191,0.54707000,1768
2016-05-15,dir-onions-seen,55084,54780,54825,0.55438400,1762
2016-05-16,dir-onions-seen,55233,54998,55092,0.55315300,1815
2016-05-17,dir-onions-seen,55793,55583,55551,0.55002200,1810
2016-05-18,dir-onions-seen,57521,56485,56680,0.55230200,1810
2016-05-19,dir-onions-seen,56037,55625,55637,0.55524400,1799
2016-05-20,dir-onions-seen,54776,54667,54726,0.56199900,1806
2016-05-21,dir-onions-seen,55149,54406,54500,0.56104700,1819
2016-05-22,dir-onions-seen,54592,54042,54196,0.56702600,1856
2016-05-23,dir-onions-seen,54174,53571,53783,0.56515300,1883
2016-05-24,dir-onions-seen,54137,53483,53631,0.56113600,1896
2016-05-25,dir-onions-seen,55405,55371,55183,0.55663700,1873
2016-05-26,dir-onions-seen,55128,54784,55001,0.56103600,1896
2016-05-27,dir-onions-seen,55318,54773,54943,0.55758700,1862
2016-05-28,dir-onions-seen,53916,53360,53392,0.56425500,1869
2016-05-29,dir-onions-seen,52797,52585,52559,0.56721800,1884
2016-05-30,dir-onions-seen,53823,53284,53471,0.57256400,1916
2016-05-31,dir-onions-seen,55539,55367,55141,0.56556800,1916
2016-06-01,dir-onions-seen,57187,56474,56436,0.56962300,1916
2016-06-02,dir-onions-seen,57086,56433,56392,0.56849100,1895
2016-06-03,dir-onions-seen,55540,55060,55118,0.56771700,1861
2016-06-04,dir-onions-seen,53430,53734,53608,0.55959100,1845
2016-06-05,dir-onions-seen,54184,53910,53905,0.55504000,1820
2016-06-06,dir-onions-seen,57469,56068,56263,0.56121100,1824
2016-06-07,dir-onions-seen,55407,55000,55092,0.55128600,1814
2016-06-08,dir-onions-seen,54545,54140,54260,0.54356200,1811
2016-06-09,dir-onions-seen,55288,55126,55061,0.53748000,1796
2016-06-10,dir-onions-seen,56638,55756,55981,0.54273100,1829
2016-06-11,dir-onions-seen,56927,56131,56205,0.54786500,1867
2016-06-12,dir-onions-seen,57605,56755,56986,0.54752800,1865
2016-06-13,dir-onions-seen,57933,57549,57568,0.54600300,1847
2016-06-14,dir-onions-seen,58024,57367,57376,0.55353900,1847
2016-06-15,dir-onions-seen,58316,57426,57580,0.54345700,1845
2016-06-16,dir-onions-seen,57247,57223,57246,0.54846900,1861
2016-06-17,dir-onions-seen,58480,57778,57924,0.55453500,1876
2016-06-18,dir-onions-seen,56000,55570,55658,0.55993300,1894
2016-06-19,dir-onions-seen,56480,55772,55575,0.57121600,1883
2016-06-20,dir-onions-seen,58906,58009,58102,0.56070000,1891
2016-06-21,dir-onions-seen,58511,56833,57019,0.57757900,1842
2016-06-22,dir-onions-seen,59988,58163,58555,0.57968400,1827
2016-06-23,dir-onions-seen,57418,56750,56895,0.57612100,1860
2016-06-24,dir-onions-seen,55125,54810,54885,0.56497700,1887
2016-06-25,dir-onions-seen,55508,55383,55143,0.56366300,1910
2016-06-26,dir-onions-seen,54833,54726,54738,0.56140100,1903
2016-06-27,dir-onions-seen,59458,58951,58944,0.56163600,1920
2016-06-28,dir-onions-seen,58438,58168,58170,0.56873300,1900
2016-06-29,dir-onions-seen,56278,55851,56075,0.56660700,1848
2016-06-30,dir-onions-seen,56250,55679,55750,0.57435100,1887
2016-07-01,dir-onions-seen,55830,55425,55446,0.56819400,1897
2016-07-02,dir-onions-seen,56822,56106,56168,0.56387900,1899
2016-07-03,dir-onions-seen,56334,55556,55809,0.58033100,1975
2016-07-04,dir-onions-seen,54219,54310,54261,0.57864700,1986
2016-07-05,dir-onions-seen,55701,55556,55445,0.57233500,1987
2016-07-06,dir-onions-seen,56321,56106,56060,0.57345900,1954
2016-07-07,dir-onions-seen,56717,56506,56471,0.57277700,1911
2016-07-08,dir-onions-seen,55754,55556,55495,0.56681300,1893
2016-07-09,dir-onions-seen,55947,55935,55863,0.57197900,1927
2016-07-10,dir-onions-seen,55510,55546,55606,0.57796400,1960
2016-07-11,dir-onions-seen,56612,56158,56152,0.57490800,1973
2016-07-12,dir-onions-seen,56592,55973,56004,0.57512200,2002
2016-07-13,dir-onions-seen,56290,55961,55834,0.56610500,1945
2016-07-14,dir-onions-seen,55144,54913,54987,0.57376000,1889
2016-07-15,dir-onions-seen,54947,54638,54892,0.57869600,1846
2016-07-16,dir-onions-seen,53733,53923,53832,0.57340500,1842
2016-07-17,dir-onions-seen,50933,50558,50589,0.57025100,1879
2016-07-18,dir-onions-seen,51849,51768,51843,0.57131900,1883
2016-07-19,dir-onions-seen,53917,53800,53828,0.57370400,1900
2016-07-20,dir-onions-seen,48699,48679,48585,0.57379200,1945
2016-07-21,dir-onions-seen,47341,47102,47087,0.56926400,1936
2016-07-22,dir-onions-seen,51357,50972,51046,0.58581900,1907
2016-07-23,dir-onions-seen,51805,51472,51749,0.58751900,1861
2016-07-24,dir-onions-seen,55172,55089,54938,0.58567400,1843
2016-07-25,dir-onions-seen,55577,55175,55162,0.58166400,1832
2016-07-26,dir-onions-seen,55075,55055,54970,0.57878400,1852
2016-07-27,dir-onions-seen,56053,55821,55821,0.58028500,1880
2016-07-28,dir-onions-seen,49058,49115,49036,0.58543100,1899
2016-07-29,dir-onions-seen,53182,53213,53282,0.58422800,1902
2016-07-30,dir-onions-seen,56457,56232,56167,0.58262800,1899
2016-07-31,dir-onions-seen,56273,55790,55950,0.57709100,1896
2016-08-01,dir-onions-seen,57597,57222,57205,0.58057900,1902
2016-08-02,dir-onions-seen,59331,58824,58837,0.57713800,1907
2016-08-03,dir-onions-seen,54125,53521,53672,0.56780300,1876
2016-08-04,dir-onions-seen,54552,54187,54223,0.54428300,1728
2016-08-05,dir-onions-seen,56052,55653,55748,0.54633200,1658
2016-08-06,dir-onions-seen,57982,57594,57650,0.54804900,1644
2016-08-07,dir-onions-seen,55948,55464,55579,0.53670900,1583
2016-08-08,dir-onions-seen,55449,55223,55231,0.54391700,1619
2016-08-09,dir-onions-seen,54670,53694,53733,0.54024000,1682
2016-08-10,dir-onions-seen,53159,53082,53164,0.55738300,1755
2016-08-11,dir-onions-seen,53774,53481,53526,0.56368100,1774
2016-08-12,dir-onions-seen,54410,54332,54311,0.56813700,1795
2016-08-13,dir-onions-seen,59122,58515,58699,0.57118400,1814
2016-08-14,dir-onions-seen,60691,60234,60155,0.57683800,1866
2016-08-15,dir-onions-seen,58200,57625,57818,0.57484300,1918
2016-08-16,dir-onions-seen,58894,58638,58582,0.57270100,1911
2016-08-17,dir-onions-seen,59331,59166,59232,0.57716100,1923
2016-08-18,dir-onions-seen,58761,58170,58148,0.56947300,1889
2016-08-19,dir-onions-seen,59948,59312,59417,0.55540400,1827
2016-08-20,dir-onions-seen,59706,59077,59360,0.56134300,1780
2016-08-21,dir-onions-seen,56886,56317,56411,0.55623800,1729
2016-08-22,dir-onions-seen,60142,59633,59718,0.54223700,1653
2016-08-23,dir-onions-seen,60598,60305,60281,0.54377800,1644
2016-08-24,dir-onions-seen,59522,58824,58995,0.56224000,1722
2016-08-25,dir-onions-seen,58726,58456,58432,0.55334100,1681
2016-08-26,dir-onions-seen,59817,59649,59553,0.55378800,1675
2016-08-27,dir-onions-seen,62421,61200,61546,0.55217600,1660
2016-08-28,dir-onions-seen,59830,59447,59625,0.54963600,1638
2016-08-29,dir-onions-seen,59977,59219,59389,0.54856500,1635
2016-08-30,dir-onions-seen,60370,59766,59972,0.54881000,1645
2016-08-31,dir-onions-seen,57546,57037,57137,0.56651800,1764
2016-09-01,dir-onions-seen,58765,58185,58367,0.56772200,1808
2016-09-02,dir-onions-seen,58870,58559,58643,0.57488000,1818
2016-09-03,dir-onions-seen,55880,55381,55460,0.56899700,1821
2016-09-04,dir-onions-seen,54279,53973,54142,0.58396100,1863
2016-09-05,dir-onions-seen,54937,54713,54726,0.56560800,1840
2016-09-06,dir-onions-seen,58668,58242,58326,0.57343100,1867
2016-09-07,dir-onions-seen,62882,62558,62421,0.58214900,1883
2016-09-08,dir-onions-seen,60864,60068,60236,0.58386200,1924
2016-09-09,dir-onions-seen,58830,58614,58538,0.58695800,1954
2016-09-10,dir-onions-seen,58506,58224,58151,0.60318700,2038
2016-09-11,dir-onions-seen,58200,57357,57445,0.60618400,2064
2016-09-12,dir-onions-seen,58203,57618,57788,0.59855700,2064
2016-09-13,dir-onions-seen,57227,57093,57062,0.60169400,2079
2016-09-14,dir-onions-seen,57158,56749,56796,0.59258900,2055
2016-09-15,dir-onions-seen,57578,56942,57130,0.60414500,2076
2016-09-16,dir-onions-seen,57094,56929,56940,0.60642000,2068
2016-09-17,dir-onions-seen,58880,58247,58366,0.61458800,2058
2016-09-18,dir-onions-seen,56943,56698,56691,0.61387700,2054
2016-09-19,dir-onions-seen,57015,56748,56796,0.61746800,2067
2016-09-20,dir-onions-seen,56836,56604,56633,0.62063200,2076
2016-09-21,dir-onions-seen,56892,56190,56268,0.62277700,2049
2016-09-22,dir-onions-seen,56538,55941,55995,0.62235500,2047
2016-09-23,dir-onions-seen,56404,55731,55735,0.62006000,2044
2016-09-24,dir-onions-seen,55891,55651,55734,0.59303100,1931
2016-09-25,dir-onions-seen,55653,55206,55298,0.58115300,1837
2016-09-26,dir-onions-seen,51204,50873,50890,0.58238700,1781
2016-09-27,dir-onions-seen,50589,49748,49756,0.58488600,1798
2016-09-28,dir-onions-seen,53787,53087,53119,0.58852500,1872
2016-09-29,dir-onions-seen,53015,52145,52581,0.60482200,1912
2016-09-30,dir-onions-seen,50450,50228,50297,0.61762200,1985
2016-10-01,dir-onions-seen,48994,48942,48970,0.62999500,2043
2016-10-02,dir-onions-seen,50111,49568,49546,0.62525800,2070
2016-10-03,dir-onions-seen,50872,50147,50273,0.62287500,2090
2016-10-04,dir-onions-seen,51135,50808,50764,0.63726200,2235
2016-10-05,dir-onions-seen,52988,52311,52505,0.64581700,2294
2016-10-06,dir-onions-seen,52865,52314,52352,0.65476100,2313
2016-10-07,dir-onions-seen,52537,52094,51994,0.65808400,2210
2016-10-08,dir-onions-seen,53972,53527,53626,0.65422200,2224
2016-10-09,dir-onions-seen,52149,51619,51704,0.65316400,2216
2016-10-10,dir-onions-seen,54415,53719,53848,0.65830600,2235
2016-10-11,dir-onions-seen,54542,53678,53787,0.66284300,2242
2016-10-12,dir-onions-seen,53642,53449,53286,0.66080500,2195
2016-10-13,dir-onions-seen,55606,55066,55118,0.65853300,2148
2016-10-14,dir-onions-seen,53400,53444,53388,0.66968300,2173
2016-10-15,dir-onions-seen,51623,51381,51456,0.66817900,2166
2016-10-16,dir-onions-seen,51447,51239,51208,0.66999600,2180
2016-10-17,dir-onions-seen,55032,55243,55305,0.67810600,2215
2016-10-18,dir-onions-seen,59161,59524,59561,0.64427100,2128
2016-10-19,dir-onions-seen,61975,61299,61206,0.63094400,2011
2016-10-20,dir-onions-seen,63059,62500,62484,0.63106900,1876
2016-10-21,dir-onions-seen,59846,59482,59655,0.61447500,1734
2016-10-22,dir-onions-seen,59712,59226,59324,0.60395700,1617
2016-10-23,dir-onions-seen,57856,57229,57133,0.63022700,1731
2016-10-24,dir-onions-seen,60128,59418,59526,0.62517300,1802
2016-10-25,dir-onions-seen,53379,52818,52762,0.65167900,1933
2016-10-26,dir-onions-seen,53573,53151,53080,0.66620200,2035
2016-10-27,dir-onions-seen,53529,53203,53287,0.67527300,2140
2016-10-28,dir-onions-seen,52883,52677,52717,0.66906700,2157
2016-10-29,dir-onions-seen,51587,51508,51473,0.67613500,2162
2016-10-30,dir-onions-seen,52481,52325,52263,0.67266100,2197
2016-10-31,dir-onions-seen,52797,52539,52605,0.68484000,2246
2016-11-01,dir-onions-seen,57549,56944,57092,0.67601700,2262
2016-11-02,dir-onions-seen,59723,59423,59401,0.66408900,2280
2016-11-03,dir-onions-seen,59768,59222,59298,0.66934800,2283
2016-11-04,dir-onions-seen,59490,59273,59369,0.67787200,2318
2016-11-05,dir-onions-seen,58992,58730,58716,0.67736600,2334
2016-11-06,dir-onions-seen,59301,58532,58813,0.67912600,2383
2016-11-07,dir-onions-seen,60241,59792,59837,0.69063600,2346
2016-11-08,dir-onions-seen,63268,62564,62681,0.67864600,2301
2016-11-09,dir-onions-seen,65607,65501,65454,0.67731800,2251
2016-11-10,dir-onions-seen,64091,64176,64141,0.68271200,2298
2016-11-11,dir-onions-seen,62781,62771,62779,0.68383100,2286
2016-11-12,dir-onions-seen,58371,58156,58013,0.68105300,2282
2016-11-13,dir-onions-seen,54335,54078,53995,0.68539200,2276
2016-11-14,dir-onions-seen,61629,61587,61418,0.68454200,2320
2016-11-15,dir-onions-seen,62030,61195,61406,0.67757200,2326
2016-11-16,dir-onions-seen,62442,61377,61452,0.68292000,2344
2016-11-17,dir-onions-seen,61144,60440,60465,0.68477100,2381
2016-11-18,dir-onions-seen,60847,60209,60323,0.68950500,2390
2016-11-19,dir-onions-seen,62081,61546,61823,0.68923300,2421
2016-11-20,dir-onions-seen,62024,61728,61862,0.69596900,2467
2016-11-21,dir-onions-seen,63518,63131,63114,0.69374100,2475
2016-11-22,dir-onions-seen,63147,62549,62492,0.68799600,2425
2016-11-23,dir-onions-seen,62404,62040,62115,0.68995300,2410
2016-11-24,dir-onions-seen,59720,59289,59333,0.68483000,2377
2016-11-25,dir-onions-seen,58589,57516,57780,0.68908900,2391
2016-11-26,dir-onions-seen,58631,58172,58198,0.68725900,2408
2016-11-27,dir-onions-seen,58139,57765,57732,0.68864300,2417
2016-11-28,dir-onions-seen,57843,57549,57599,0.68045500,2407
2016-11-29,dir-onions-seen,59698,59229,59336,0.68270300,2431
2016-11-30,dir-onions-seen,58356,58104,58171,0.68613500,2433
2016-12-01,dir-onions-seen,56485,56169,56002,0.68865800,2405
2016-12-02,dir-onions-seen,58548,58927,59071,0.69731900,2394
2016-12-03,dir-onions-seen,59085,59211,59317,0.69266400,2362
2016-12-04,dir-onions-seen,60479,59796,59955,0.65732500,2202
2016-12-05,dir-onions-seen,61693,61675,61874,0.65618800,2151
2016-12-06,dir-onions-seen,62630,61894,61947,0.64758500,2083
2016-12-07,dir-onions-seen,61882,61608,61646,0.64046800,2010
2016-12-08,dir-onions-seen,61588,60533,60880,0.64961900,2102
2016-12-09,dir-onions-seen,61520,61111,60949,0.66167600,2189
2016-12-10,dir-onions-seen,61062,60498,60733,0.65658500,2185
2016-12-11,dir-onions-seen,61128,60662,60851,0.66720100,2195
2016-12-12,dir-onions-seen,62584,62421,62381,0.68366100,2223
2016-12-13,dir-onions-seen,63301,62908,63099,0.68237300,2200
2016-12-14,dir-onions-seen,63420,63444,63297,0.67374500,2190
2016-12-15,dir-onions-seen,63296,62850,62866,0.70634800,2389
2016-12-16,dir-onions-seen,63406,63246,63208,0.69339900,2343
2016-12-17,dir-onions-seen,63890,62802,63018,0.68669200,2401
2016-12-18,dir-onions-seen,62023,61591,61564,0.68134300,2397
2016-12-19,dir-onions-seen,63464,62972,62966,0.68023000,2420
2016-12-20,dir-onions-seen,63813,63164,63192,0.65947900,2418
2016-12-21,dir-onions-seen,63785,62911,62915,0.66283800,2270
2016-12-22,dir-onions-seen,61296,60694,60786,0.66990600,2151
2016-12-23,dir-onions-seen,58112,57692,57674,0.67293900,2126
2016-12-24,dir-onions-seen,56963,56338,56456,0.66950900,2087
2016-12-25,dir-onions-seen,48252,47476,47688,0.69079800,2247
2016-12-26,dir-onions-seen,47441,46987,47093,0.68669400,2323
2016-12-27,dir-onions-seen,50932,50898,51033,0.69699400,2436
2016-12-28,dir-onions-seen,58454,57594,57742,0.69085800,2550
2016-12-29,dir-onions-seen,58635,58203,58253,0.69197400,2530
2016-12-30,dir-onions-seen,57836,57931,57779,0.69379200,2516
2016-12-31,dir-onions-seen,57050,56925,56970,0.69339200,2560
2017-01-01,dir-onions-seen,56330,56013,56063,0.69084500,2569
2017-01-02,dir-onions-seen,56725,56415,56312,0.68488100,2570
2017-01-03,dir-onions-seen,51714,51215,51340,0.68924400,2573
2017-01-04,dir-onions-seen,50677,50351,50538,0.69773000,2613
2017-01-05,dir-onions-seen,49598,49689,49671,0.69406000,2606
2017-01-06,dir-onions-seen,48593,49032,48889,0.70884200,2658
2017-01-07,dir-onions-seen,49861,49765,49784,0.69804500,2570
2017-01-08,dir-onions-seen,49440,49002,49171,0.68988300,2562
2017-01-09,dir-onions-seen,49697,49310,49385,0.69593900,2589
2017-01-10,dir-onions-seen,55902,55331,55550,0.69091400,2585
2017-01-11,dir-onions-seen,61003,60674,60701,0.69160500,2593
2017-01-12,dir-onions-seen,60209,59539,59599,0.68461100,2573
2017-01-13,dir-onions-seen,59555,58953,59070,0.68360000,2539
2017-01-14,dir-onions-seen,62114,61894,61976,0.68954000,2518
2017-01-15,dir-onions-seen,63150,62645,62636,0.67759500,2471
2017-01-16,dir-onions-seen,64456,64220,64198,0.68244400,2485
2017-01-17,dir-onions-seen,64069,63743,63657,0.68867300,2480
2017-01-18,dir-onions-seen,63933,63574,63685,0.68966200,2496
2017-01-19,dir-onions-seen,64105,63520,63732,0.68566600,2491
2017-01-20,dir-onions-seen,63489,63314,63490,0.68879700,2519
2017-01-21,dir-onions-seen,61960,61224,61345,0.69296200,2568
2017-01-22,dir-onions-seen,62090,61472,61594,0.69672300,2583
2017-01-23,dir-onions-seen,63221,62554,62669,0.68597500,2536
2017-01-24,dir-onions-seen,64777,64315,64454,0.65992500,2388
2017-01-25,dir-onions-seen,64627,64086,64188,0.66164700,2272
2017-01-26,dir-onions-seen,62720,62082,62319,0.65453200,2186
2017-01-27,dir-onions-seen,62921,62536,62623,0.65346500,2151
2017-01-28,dir-onions-seen,64147,63415,63418,0.65544600,2221
2017-01-29,dir-onions-seen,62562,62130,62175,0.68364900,2423
2017-01-30,dir-onions-seen,63235,62295,62564,0.67664300,2455
2017-01-31,dir-onions-seen,64451,63913,64103,0.69283600,2477
2017-02-01,dir-onions-seen,63261,62837,62947,0.69843700,2475
2017-02-02,dir-onions-seen,60901,60460,60620,0.69636800,2494
2017-02-03,dir-onions-seen,60549,60248,60204,0.70285500,2514
2017-02-04,dir-onions-seen,61306,61170,61142,0.70513700,2542
2017-02-05,dir-onions-seen,61022,60571,60725,0.70018400,2563
2017-02-06,dir-onions-seen,54538,54187,54168,0.69694400,2591
2017-02-07,dir-onions-seen,52219,51975,52064,0.69835500,2610
2017-02-08,dir-onions-seen,52368,51804,51930,0.70531500,2663
2017-02-09,dir-onions-seen,54293,53946,53873,0.70716300,2686
2017-02-10,dir-onions-seen,55043,54359,54411,0.70074600,2650
2017-02-11,dir-onions-seen,53599,53262,53299,0.70981800,2671
2017-02-12,dir-onions-seen,52971,52797,52725,0.71598700,2698
2017-02-13,dir-onions-seen,52722,52109,52180,0.71052200,2705
2017-02-14,dir-onions-seen,53914,53521,53649,0.71333000,2735
2017-02-15,dir-onions-seen,53461,53480,53458,0.71036100,2731
2017-02-16,dir-onions-seen,54039,53480,53381,0.71010500,2721
2017-02-17,dir-onions-seen,54130,53500,53690,0.71038000,2705
2017-02-18,dir-onions-seen,53341,52956,53060,0.71194500,2716
2017-02-19,dir-onions-seen,52140,51860,52007,0.70990500,2748
2017-02-20,dir-onions-seen,53060,52750,52723,0.71124500,2776
2017-02-21,dir-onions-seen,52067,51789,51812,0.72003900,2784
2017-02-22,dir-onions-seen,52505,52350,52227,0.71541500,2748
2017-02-23,dir-onions-seen,52649,52589,52435,0.69906100,2621
2017-02-24,dir-onions-seen,53292,52835,52980,0.69819700,2566
2017-02-25,dir-onions-seen,53460,53401,53332,0.70170500,2552
2017-02-26,dir-onions-seen,53691,52943,53099,0.70514900,2569
2017-02-27,dir-onions-seen,54118,53763,53819,0.70158700,2616
2017-02-28,dir-onions-seen,55919,55279,55277,0.70814900,2709
2017-03-01,dir-onions-seen,53924,53922,53785,0.68516600,2646
2017-03-02,dir-onions-seen,53989,53265,53384,0.70594300,2706
2017-03-03,dir-onions-seen,53560,53465,53321,0.71608000,2726
2017-03-04,dir-onions-seen,54289,53819,53862,0.70931600,2725
2017-03-05,dir-onions-seen,55220,54656,54675,0.69580400,2702
2017-03-06,dir-onions-seen,55896,55238,55380,0.69120300,2604
2017-03-07,dir-onions-seen,54666,53996,54094,0.68916100,2535
2017-03-08,dir-onions-seen,53709,53702,53722,0.68154300,2410
2017-03-09,dir-onions-seen,53931,53584,53716,0.68403700,2373
2017-03-10,dir-onions-seen,54683,54255,54325,0.69554100,2500
2017-03-11,dir-onions-seen,53739,53107,53197,0.69200600,2559
2017-03-12,dir-onions-seen,54493,54011,54188,0.69982100,2608
2017-03-13,dir-onions-seen,54099,53319,53512,0.70942600,2735
2017-03-14,dir-onions-seen,53634,53161,53045,0.71356500,2779
2017-03-15,dir-onions-seen,54271,53516,53620,0.71174600,2769
2017-03-16,dir-onions-seen,53630,52966,53002,0.72135600,2788
2017-03-17,dir-onions-seen,55693,54843,54872,0.72671000,2835
2017-03-18,dir-onions-seen,121615,125978,124958,0.72322300,2842
2017-03-19,dir-onions-seen,94283,92342,92690,0.72773400,2884
2017-03-20,dir-onions-seen,55403,54945,55048,0.72253200,2915
2017-03-21,dir-onions-seen,54972,54672,54788,0.72762400,2933
2017-03-22,dir-onions-seen,62685,62453,62424,0.72177900,2902
2017-03-23,dir-onions-seen,52261,52030,52106,0.73496700,2947
2017-03-24,dir-onions-seen,52225,52058,52089,0.73181400,2911
2017-03-25,dir-onions-seen,55047,54412,54578,0.73514600,2938
2017-03-26,dir-onions-seen,86737,87028,87028,0.73612600,2951
2017-03-27,dir-onions-seen,58766,57093,57408,0.73755700,2993
2017-03-28,dir-onions-seen,53401,52834,52891,0.73215500,2966
2017-03-29,dir-onions-seen,53985,53734,53630,0.73430300,2929
2017-03-30,dir-onions-seen,53193,52707,52771,0.73739600,2883
2017-03-31,dir-onions-seen,53260,53020,53064,0.73485900,2867
2017-04-01,dir-onions-seen,53820,53632,53645,0.74392200,2929
2017-04-02,dir-onions-seen,55635,54726,54958,0.74337100,2943
2017-04-03,dir-onions-seen,56126,55683,55654,0.73614200,2945
2017-04-04,dir-onions-seen,57744,57057,57140,0.74811000,3049
2017-04-05,dir-onions-seen,59060,58252,58392,0.74437500,3037
2017-04-06,dir-onions-seen,58158,57692,57780,0.74432500,3008
2017-04-07,dir-onions-seen,57370,56777,56927,0.74944800,2947
2017-04-08,dir-onions-seen,56160,55907,55985,0.74809200,2966
2017-04-09,dir-onions-seen,57338,56833,56886,0.74329400,2957
2017-04-10,dir-onions-seen,56734,56246,56158,0.74754300,2989
2017-04-11,dir-onions-seen,69266,69231,69260,0.74665200,3008
2017-04-12,dir-onions-seen,65758,65134,65227,0.75364000,3004
2017-04-13,dir-onions-seen,67544,66406,66636,0.74825200,2967
2017-04-14,dir-onions-seen,55724,55254,55156,0.75495700,2975
2017-04-15,dir-onions-seen,59167,58591,58677,0.75664200,3001
2017-04-16,dir-onions-seen,60689,60688,60509,0.75093400,3007
2017-04-17,dir-onions-seen,62370,61947,61986,0.74666500,3020
2017-04-18,dir-onions-seen,64162,63422,63341,0.75353600,3076
2017-04-19,dir-onions-seen,64532,63659,63692,0.75258600,3076
2017-04-20,dir-onions-seen,57570,56770,56949,0.74917100,3083
2017-04-21,dir-onions-seen,53244,52564,52773,0.75364100,3083
2017-04-22,dir-onions-seen,53289,52746,52901,0.74949500,3081
2017-04-23,dir-onions-seen,53632,53225,53106,0.74666100,3060
2017-04-24,dir-onions-seen,53711,53150,53309,0.74210700,3023
2017-04-25,dir-onions-seen,55730,54677,54844,0.73542300,2989
2017-04-26,dir-onions-seen,54267,53472,53610,0.73837900,2959
2017-04-27,dir-onions-seen,52740,52730,52562,0.73812300,2943
2017-04-28,dir-onions-seen,53254,52632,52784,0.73924600,2935
2017-04-29,dir-onions-seen,54185,53523,53615,0.74802000,2955
2017-04-30,dir-onions-seen,52503,52083,52184,0.74835000,2982
2017-05-01,dir-onions-seen,52531,52083,52253,0.74669000,2986
2017-05-02,dir-onions-seen,54734,54088,54269,0.74395600,2975
2017-05-03,dir-onions-seen,53699,53250,53334,0.74620000,2976
2017-05-04,dir-onions-seen,53154,52795,52886,0.74511200,2954
2017-05-05,dir-onions-seen,52196,51961,52071,0.74425000,2949
2017-05-06,dir-onions-seen,51309,50926,51068,0.74605000,2953
2017-05-07,dir-onions-seen,50741,50570,50643,0.73381600,2915
2017-05-08,dir-onions-seen,51418,50798,50983,0.74461000,2952
2017-05-09,dir-onions-seen,52371,51366,51507,0.74686200,2960
2017-05-10,dir-onions-seen,51628,51099,51179,0.74409700,2936
2017-05-11,dir-onions-seen,51374,51051,51025,0.73497700,2914
2017-05-12,dir-onions-seen,51219,50725,50784,0.74620300,2960
2017-05-13,dir-onions-seen,51711,51343,51365,0.74403200,2941
2017-05-14,dir-onions-seen,50345,49708,49811,0.74310000,2928
2017-05-15,dir-onions-seen,50801,50140,50512,0.74270500,2942
2017-05-16,dir-onions-seen,52786,52240,52393,0.73792700,2926
2017-05-17,dir-onions-seen,54571,54722,54780,0.75170200,2984
2017-05-18,dir-onions-seen,60299,59871,59740,0.73590000,2833
2017-05-19,dir-onions-seen,60812,60367,60319,0.74481500,2832
2017-05-20,dir-onions-seen,60933,60417,60439,0.72995200,2757
2017-05-21,dir-onions-seen,60930,59956,60062,0.73780800,2838
2017-05-22,dir-onions-seen,60294,59414,59475,0.75378100,2899
2017-05-23,dir-onions-seen,61114,60476,60678,0.75526400,2895
2017-05-24,dir-onions-seen,60602,60328,60648,0.77788100,3051
2017-05-25,dir-onions-seen,59964,59028,59255,0.74966800,2926
2017-05-26,dir-onions-seen,59640,58788,59063,0.75166400,2946
2017-05-27,dir-onions-seen,58536,58126,58261,0.74774700,2929
2017-05-28,dir-onions-seen,58962,58176,58263,0.75043000,2971
2017-05-29,dir-onions-seen,58585,57920,58140,0.74803200,2961
2017-05-30,dir-onions-seen,59928,59254,59437,0.74459800,2916
2017-05-31,dir-onions-seen,59406,59130,58998,0.74887700,2928
2017-06-01,dir-onions-seen,59496,58927,59019,0.74960500,2898
2017-06-02,dir-onions-seen,58314,58009,58077,0.74684700,2858
2017-06-03,dir-onions-seen,59080,58685,58826,0.76480800,3051
2017-06-04,dir-onions-seen,59342,58562,58872,0.76536200,3099
2017-06-05,dir-onions-seen,59510,58824,58940,0.75817800,3040
2017-06-06,dir-onions-seen,58711,58304,58414,0.75106600,2985
2017-06-07,dir-onions-seen,58759,57932,58137,0.74466700,2978
2017-06-08,dir-onions-seen,58780,57522,57935,0.74978900,2948
2017-06-09,dir-onions-seen,59026,58333,58492,0.74331500,2901
2017-06-10,dir-onions-seen,58941,58386,58418,0.74399000,2881
2017-06-11,dir-onions-seen,58750,58201,58427,0.72458600,2741
2017-06-12,dir-onions-seen,59107,58484,58442,0.74913800,2693
2017-06-13,dir-onions-seen,58317,58040,58031,0.75307500,2625
2017-06-14,dir-onions-seen,55643,55180,55113,0.75501700,2595
2017-06-15,dir-onions-seen,55802,55197,55334,0.73003300,2583
2017-06-16,dir-onions-seen,56542,55673,55716,0.74905700,2772
2017-06-17,dir-onions-seen,55823,54954,55122,0.74779300,2781
2017-06-18,dir-onions-seen,56494,55882,55909,0.74254800,2807
2017-06-19,dir-onions-seen,55212,54755,54816,0.74281800,2852
2017-06-20,dir-onions-seen,56872,55593,55962,0.73641100,2802
2017-06-21,dir-onions-seen,56138,55083,55207,0.74665300,2746
2017-06-22,dir-onions-seen,56386,55556,55653,0.75035900,2665
2017-06-23,dir-onions-seen,57111,56367,56355,0.76058500,2717
2017-06-24,dir-onions-seen,55931,55195,55397,0.76511500,2784
2017-06-25,dir-onions-seen,56276,55556,55619,0.77461900,2956
2017-06-26,dir-onions-seen,56209,55381,55542,0.75776800,2983
2017-06-27,dir-onions-seen,54837,54718,54761,0.78168400,3097
2017-06-28,dir-onions-seen,54216,53779,53660,0.77883100,3025
2017-06-29,dir-onions-seen,54362,53812,53770,0.78300300,2945
2017-06-30,dir-onions-seen,53438,53096,53254,0.77511100,2872
2017-07-01,dir-onions-seen,52438,52000,52036,0.78630900,2871
2017-07-02,dir-onions-seen,52529,51998,52047,0.78381700,2859
2017-07-03,dir-onions-seen,53103,52823,52890,0.77018500,2787
2017-07-04,dir-onions-seen,52931,52058,52136,0.78141700,2794
2017-07-05,dir-onions-seen,53918,53419,53304,0.79132900,2828
2017-07-06,dir-onions-seen,52837,52342,52455,0.79199400,2849
2017-07-07,dir-onions-seen,52580,52079,52182,0.78270500,2865
2017-07-08,dir-onions-seen,53128,52707,52723,0.80688800,2983
2017-07-09,dir-onions-seen,53843,53012,53168,0.80403000,3036
2017-07-10,dir-onions-seen,54005,53374,53457,0.80658800,3063
2017-07-11,dir-onions-seen,54378,54441,54374,0.83056100,3221
2017-07-12,dir-onions-seen,54896,53806,54055,0.81449600,3134
2017-07-13,dir-onions-seen,54812,54307,54237,0.80957300,3080
2017-07-14,dir-onions-seen,55130,54627,54626,0.81352900,3091
2017-07-15,dir-onions-seen,55498,54933,55066,0.82197100,3109
2017-07-16,dir-onions-seen,55613,54878,54785,0.82077400,3112
2017-07-17,dir-onions-seen,56028,55243,55407,0.81661500,3131
2017-07-18,dir-onions-seen,56042,55282,55188,0.82421400,3204
2017-07-19,dir-onions-seen,55094,54572,54596,0.82574500,3184
2017-07-20,dir-onions-seen,56611,55699,55912,0.82598500,3169
2017-07-21,dir-onions-seen,57223,56349,56359,0.82742600,3165
2017-07-22,dir-onions-seen,58084,57239,57487,0.82939800,3197
2017-07-23,dir-onions-seen,57687,56748,56863,0.81081100,3164
2017-07-24,dir-onions-seen,58247,57491,57612,0.81740000,3186
2017-07-25,dir-onions-seen,58672,58292,58317,0.81207800,3145
2017-07-26,dir-onions-seen,58099,57339,57656,0.81945500,3137
2017-07-27,dir-onions-seen,57751,56863,56971,0.81639700,3128
2017-07-28,dir-onions-seen,57675,57030,57004,0.82213200,3139
2017-07-29,dir-onions-seen,57350,56604,56683,0.82506900,3160
2017-07-30,dir-onions-seen,55720,55197,55237,0.82449900,3147
2017-07-31,dir-onions-seen,57795,56716,57010,0.82190700,3153
2017-08-01,dir-onions-seen,57089,56085,56061,0.82512800,3163
2017-08-02,dir-onions-seen,56836,56057,56063,0.82712500,3157
2017-08-03,dir-onions-seen,56682,55731,55902,0.81415200,3060
2017-08-04,dir-onions-seen,56435,55769,55861,0.81528300,3020
2017-08-05,dir-onions-seen,51314,50625,50585,0.82099000,3003
2017-08-06,dir-onions-seen,47419,46851,46907,0.83299200,3043
2017-08-07,dir-onions-seen,46264,45708,45725,0.82860900,3046
2017-08-08,dir-onions-seen,46499,45790,45832,0.82500900,3068
2017-08-09,dir-onions-seen,46690,46270,46445,0.83065700,3018
2017-08-10,dir-onions-seen,46991,47162,47125,0.84533700,3075
2017-08-11,dir-onions-seen,48434,47931,47996,0.82758100,2953
2017-08-12,dir-onions-seen,47648,47117,47339,0.82015100,2871
2017-08-13,dir-onions-seen,47403,46958,47072,0.82457700,2923
2017-08-14,dir-onions-seen,48531,47739,47867,0.81616100,2913
2017-08-15,dir-onions-seen,48833,48387,48329,0.81753900,2912
2017-08-16,dir-onions-seen,49239,48574,48710,0.84641100,3021
2017-08-17,dir-onions-seen,48917,48341,48360,0.81146500,2965
2017-08-18,dir-onions-seen,48309,47744,47959,0.81343500,2971
2017-08-19,dir-onions-seen,49477,48951,48856,0.83871600,3019
2017-08-20,dir-onions-seen,48607,48387,48366,0.83751200,2959
2017-08-21,dir-onions-seen,48759,48198,48199,0.82561500,2974
2017-08-22,dir-onions-seen,49144,48551,48712,0.83797100,3039
2017-08-23,dir-onions-seen,48945,48457,48345,0.83840900,3090
2017-08-24,dir-onions-seen,48502,47904,48027,0.83221800,3052
2017-08-25,dir-onions-seen,47417,47009,47022,0.82976500,3081
2017-08-26,dir-onions-seen,47590,47206,47382,0.83336600,3088
2017-08-27,dir-onions-seen,48257,47699,47748,0.83377100,3125
2017-08-28,dir-onions-seen,49915,49327,49356,0.83320100,3152
2017-08-29,dir-onions-seen,51768,50941,51023,0.83808100,3132
2017-08-30,dir-onions-seen,50477,50047,50189,0.84143100,3137
2017-08-31,dir-onions-seen,50341,50218,50063,0.82930800,3080
2017-09-01,dir-onions-seen,50826,50170,50278,0.83758300,3096
2017-09-02,dir-onions-seen,50337,49774,49758,0.83218900,3089
2017-09-03,dir-onions-seen,48957,48521,48566,0.83616600,3085
2017-09-04,dir-onions-seen,49413,48806,48934,0.83095100,3078
2017-09-05,dir-onions-seen,49900,49198,49444,0.83929900,3110
2017-09-06,dir-onions-seen,51478,50678,50639,0.84609200,3137
2017-09-07,dir-onions-seen,50603,49828,49788,0.84094900,3134
2017-09-08,dir-onions-seen,49263,48718,48947,0.84140800,3135
2017-09-09,dir-onions-seen,49407,48611,48795,0.84819000,3169
2017-09-10,dir-onions-seen,49495,49074,49101,0.84741400,3157
2017-09-11,dir-onions-seen,48663,48440,48365,0.85215500,3180
2017-09-12,dir-onions-seen,49246,48544,48641,0.85227200,3177
2017-09-13,dir-onions-seen,49667,49073,49241,0.84269000,3148
2017-09-14,dir-onions-seen,50402,49451,49703,0.84479500,3133
2017-09-15,dir-onions-seen,49565,48746,48889,0.84635500,3120
2017-09-16,dir-onions-seen,48708,47962,48024,0.85163900,3137
2017-09-17,dir-onions-seen,48405,47865,47983,0.84948900,3144
2017-09-18,dir-onions-seen,48742,48383,48300,0.85117800,3220
2017-09-19,dir-onions-seen,49255,48469,48677,0.84114000,3170
2017-09-20,dir-onions-seen,49046,48596,48576,0.84206300,3114
2017-09-21,dir-onions-seen,51420,50678,50667,0.82435400,2987
2017-09-22,dir-onions-seen,49842,49289,49361,0.83291200,2899
2017-09-23,dir-onions-seen,49484,48530,48667,0.84648700,2855
2017-09-24,dir-onions-seen,49436,48287,48528,0.84497000,2850
2017-09-25,dir-onions-seen,49560,48822,48991,0.83726900,2855
2017-09-26,dir-onions-seen,50148,49527,49706,0.84049700,2944
2017-09-27,dir-onions-seen,52004,51221,51303,0.86182100,3153
2017-09-28,dir-onions-seen,51400,50821,50904,0.86349800,3179
2017-09-29,dir-onions-seen,49952,49876,49872,0.86185000,3131
2017-09-30,dir-onions-seen,50032,49497,49336,0.85581400,3007
2017-10-01,dir-onions-seen,49790,49236,49295,0.85646600,3080
2017-10-02,dir-onions-seen,49867,49327,49312,0.87461700,3175
2017-10-03,dir-onions-seen,51466,50505,50695,0.84890000,2955
2017-10-04,dir-onions-seen,50975,50206,50165,0.84840100,2924
2017-10-05,dir-onions-seen,50213,49383,49576,0.84976300,2894
2017-10-06,dir-onions-seen,50749,49856,50029,0.84994100,2897
2017-10-07,dir-onions-seen,50061,49430,49422,0.84588900,2846
2017-10-08,dir-onions-seen,49737,49172,49329,0.85325500,2861
2017-10-09,dir-onions-seen,49003,49224,49263,0.88933900,3019
2017-10-10,dir-onions-seen,50771,50407,50356,0.84794300,2931
2017-10-11,dir-onions-seen,52451,51460,51515,0.85149400,2988
2017-10-12,dir-onions-seen,50624,49858,49886,0.84851700,2990
2017-10-13,dir-onions-seen,50000,49005,49317,0.84823000,2953
2017-10-14,dir-onions-seen,51047,50100,50269,0.85475800,2957
2017-10-15,dir-onions-seen,50355,49915,49822,0.86283500,2907
2017-10-16,dir-onions-seen,51281,50773,50795,0.85185300,2919
2017-10-17,dir-onions-seen,52262,51808,51764,0.84236900,2883
2017-10-18,dir-onions-seen,53875,52891,52985,0.84854900,2908
2017-10-19,dir-onions-seen,53827,53385,53263,0.85394100,2884
2017-10-20,dir-onions-seen,53505,52462,52601,0.85748200,3059
2017-10-21,dir-onions-seen,51208,50477,50453,0.84055900,3041
2017-10-22,dir-onions-seen,52001,51143,51338,0.84039200,3089
2017-10-23,dir-onions-seen,53152,52219,52355,0.83766700,3090
2017-10-24,dir-onions-seen,52888,52023,52114,0.84042600,3075
2017-10-25,dir-onions-seen,53243,52179,52289,0.83652200,3052
2017-10-26,dir-onions-seen,53351,51971,52245,0.84349400,3066
2017-10-27,dir-onions-seen,51942,50946,51214,0.84523700,3088
2017-10-28,dir-onions-seen,51701,50694,50877,0.84416100,3042
2017-10-29,dir-onions-seen,51583,50742,50799,0.82298000,2938
2017-10-30,dir-onions-seen,52911,51808,52068,0.11803100,438
